dataset,class,precision,recall,f1_score
EasyCall,Healthy,0.9194407456724367,0.9133597883597884,0.9163901791639018
EasyCall,Disorder,0.9232121922626025,0.9286556603773585,0.9259259259259259
