dataset,test_loss,test_accuracy,test_precision_macro,test_recall_macro,test_f1_macro
NCMMSC2021_AD_Competition,0.6686793863773346,0.6904761904761905,0.7180555555555556,0.6646825396825397,0.6535594417947359
NCMMSC2021_AD_Competition,0.6686793863773346,0.6904761904761905,0.7180555555555556,0.6646825396825397,0.6535594417947359
Troparion_master,0.7029275894165039,0.4444444444444444,0.6875,0.5833333333333334,0.41558441558441556
Troparion_master,0.7029275894165039,0.4444444444444444,0.6875,0.5833333333333334,0.41558441558441556
Troparion_master,0.7029275894165039,0.4444444444444444,0.6875,0.5833333333333334,0.41558441558441556
