dataset,test_loss,test_accuracy,test_precision_macro,test_recall_macro,test_f1_macro
pitt,0.27487287670373917,0.8298969072164949,0.7240196078431373,0.6573420554312275,0.6790494811249812
UGAkan,0.16099704941734672,0.9431500465983225,0.9455308895891738,0.9578595101711698,0.9510397874763983
DAC,0.6351624131202698,0.7272727272727273,0.8571428571428572,0.5714285714285714,0.5416666666666667
EDAC,0.5912051498889923,0.7619047619047619,0.38095238095238093,0.5,0.43243243243243246
