dataset,class,precision,recall,f1_score
DAC,Non-Depression,0.7142857142857143,1.0,0.8333333333333334
DAC,Depression,1.0,0.14285714285714285,0.25
