dataset,class,precision,recall,f1_score
SLI_dataset,healthy,0.9757575757575757,0.9877300613496932,0.9817073170731707
SLI_dataset,patients,0.9938271604938271,0.9877300613496932,0.9907692307692307
