dataset,class,precision,recall,f1_score
RAWDysPeech,Healthy,0.9087360449683816,0.9571581284433845,0.9323187825390469
RAWDysPeech,Disease,0.9540158870255958,0.9024044080814827,0.9274927063669126
