dataset,class,precision,recall,f1_score
ultrasuite_upx,Maint,0.55,0.528,0.5387755102040817
ultrasuite_upx,BL,0.6679764243614931,0.815347721822542,0.734341252699784
ultrasuite_upx,Mid,0.5185185185185185,0.208955223880597,0.2978723404255319
ultrasuite_upx,Therapy,0.9323308270676691,0.8794326241134752,0.9051094890510949
ultrasuite_upx,Suit,0.5714285714285714,0.2857142857142857,0.38095238095238093
ultrasuite_upx,Post,0.5106382978723404,0.38095238095238093,0.43636363636363634
