dataset,class,precision,recall,f1_score
UAspeech,Healthy,0.9512373299242078,0.9425443358668114,0.9468708812434669
UAspeech,Disorder,0.9397704638148534,0.9488603715763264,0.9442935430069097
