dataset,class,precision,recall,f1_score
pitt,Dementia,0.8647058823529412,0.9363057324840764,0.8990825688073395
pitt,Control,0.5833333333333334,0.3783783783783784,0.45901639344262296
