dataset,class,precision,recall,f1_score
Coswara_Data,positive_moderate,0.4117647058823529,0.03139013452914798,0.058333333333333334
Coswara_Data,positive_asymp,0.0,0.0,0.0
Coswara_Data,resp_illness_not_identified,0.4090909090909091,0.04245283018867924,0.07692307692307693
Coswara_Data,no_resp_illness_exposed,0.4,0.005970149253731343,0.011764705882352941
Coswara_Data,positive_mild,0.4114285714285714,0.25043478260869567,0.31135135135135134
Coswara_Data,under_validation,0.6363636363636364,0.19090909090909092,0.2937062937062937
Coswara_Data,recovered_full,0.0,0.0,0.0
Coswara_Data,healthy,0.5667682926829268,0.9612202688728024,0.7130801687763713
