dataset,class,precision,recall,f1_score
Parkinson_3700,healthy,0.9554794520547946,0.9755244755244755,0.9653979238754326
Parkinson_3700,parkinson,0.9724409448818898,0.95,0.9610894941634242
