dataset,class,precision,recall,f1_score
COVID_19_CNN,Non-COVID,0.9583333333333334,1.0,0.9787234042553191
COVID_19_CNN,COVID,1.0,0.5,0.6666666666666666
