dataset,class,precision,recall,f1_score
EATD,healthy,0.8823529411764706,0.75,0.8108108108108109
EATD,depression,0.3181818181818182,0.5384615384615384,0.4
