dataset,class,precision,recall,f1_score
UGAkan,Cleft,0.9888888888888889,0.978021978021978,0.9834254143646409
UGAkan,Cerebral palsy,0.9361880772460117,0.9636992221261884,0.9497444633730835
UGAkan,Stroke,0.9183673469387755,1.0,0.9574468085106383
UGAkan,Stammering,0.9386792452830188,0.8897168405365127,0.9135424636572304
