dataset,class,precision,recall,f1_score
ICBHI,Healthy,0.75,0.6,0.6666666666666666
ICBHI,Pneumonia,0.7142857142857143,1.0,0.8333333333333334
ICBHI,URTI,0.25,0.25,0.25
ICBHI,COPD,1.0,0.875,0.9333333333333333
