dataset,class,precision,recall,f1_score
ultrasuite_uxssd,Maint,0.7288135593220338,0.688,0.7078189300411523
ultrasuite_uxssd,BL,0.6040268456375839,0.6428571428571429,0.6228373702422145
ultrasuite_uxssd,Mid,0.55,0.3728813559322034,0.4444444444444444
ultrasuite_uxssd,Therapy,0.5695364238410596,0.5771812080536913,0.5733333333333334
ultrasuite_uxssd,Post,0.5490196078431373,0.6436781609195402,0.5925925925925926
