dataset,class,precision,recall,f1_score
Asthma_Detection_Tawfik,copd,0.7794117647058824,0.8833333333333333,0.828125
Asthma_Detection_Tawfik,pneumonia,0.6538461538461539,0.7906976744186046,0.7157894736842105
Asthma_Detection_Tawfik,Bronchial,1.0,0.5,0.6666666666666666
Asthma_Detection_Tawfik,asthma,0.7906976744186046,0.7906976744186046,0.7906976744186046
Asthma_Detection_Tawfik,healthy,0.9090909090909091,0.5,0.6451612903225806
