dataset,class,precision,recall,f1_score
spanish_logrado,healthy,0.7674418604651163,0.8918918918918919,0.825
spanish_logrado,speech_disorder,0.9310344827586207,0.84375,0.8852459016393442
