dataset,class,precision,recall,f1_score
NCMMSC2021_AD_Competition,AD,0.7142857142857143,0.4166666666666667,0.5263157894736842
NCMMSC2021_AD_Competition,HC,0.6818181818181818,0.9375,0.7894736842105263
NCMMSC2021_AD_Competition,MCI,0.6923076923076923,0.6428571428571429,0.6666666666666666
