dataset,class,precision,recall,f1_score
NCMMSC2021_AD_Competition,AD,0.8,0.3333333333333333,0.47058823529411764
NCMMSC2021_AD_Competition,HC,0.6666666666666666,0.875,0.7567567567567568
NCMMSC2021_AD_Competition,MCI,0.6875,0.7857142857142857,0.7333333333333333
