dataset,class,precision,recall,f1_score
TORGO,Healthy,0.9439728353140917,0.9708963911525029,0.957245337159254
TORGO,Disorder,0.9430523917995444,0.8932038834951457,0.9174515235457064
