dataset,class,precision,recall,f1_score
ultrasuite_cleft,UCLP,0.7323943661971831,0.6666666666666666,0.697986577181208
ultrasuite_cleft,CP,0.6847826086956522,0.7777777777777778,0.7283236994219653
ultrasuite_cleft,BCLP,0.8888888888888888,0.8275862068965517,0.8571428571428571
